{
  "tests": [
    {
      "relativeFilePath": "src/tests/template_add_numbers_expect_failure_test.js",
      "tags": [
        "ADD",
        "EXPECTED_FAILURE"
      ]
    },
    {
      "relativeFilePath": "src/tests/template_add_numbers_test.js",
      "tags": [
        "ADD"
      ]
    },
    {
      "relativeFilePath": "src/tests/template_clear_value_test.js",
      "tags": [
        "CLEAR_VALUE"
      ]
    },
    {
      "relativeFilePath": "src/tests/template_divide_numbers_test.js",
      "tags": [
        "DIVIDE"
      ]
    },
    {
      "relativeFilePath": "src/tests/template_get_color_test.js",
      "tags": [
        "GET_COLOR"
      ]
    },
    {
      "relativeFilePath": "src/tests/template_minus_numbers_test.js",
      "tags": [
        "MINUS"
      ]
    },
    {
      "relativeFilePath": "src/tests/template_time_numbers_test.js",
      "tags": [
        "TIMES"
      ]
    }
  ],
  "uniqueTags": [
    "ADD",
    "CLEAR_VALUE",
    "DIVIDE",
    "EXPECTED_FAILURE",
    "GET_COLOR",
    "MINUS",
    "TIMES"
  ],
  "meta": {
    "testFilesCount": 7,
    "uniqueTagsCount": 7
  }
}